id,first_name,last_name,email,gender,ddress
1,Ambros,Wessing,awessing0@businesswire.com,Male,Suite 79
2,Esme,Milner,emilner1@noaa.gov,Male,PO Box 86331
3,Abba,Benedicto,abenedicto2@homestead.com,Male,Room 691
4,Rosene,Ovitts,rovitts3@upenn.edu,Female,Room 1104
5,Catlaina,Meech,cmeech4@census.gov,Bigender,PO Box 76086
6,Cordie,Keerl,ckeerl5@indiatimes.com,Male,Apt 808
7,Veda,Pearton,vpearton6@rakuten.co.jp,Female,10th Floor
8,Rodrique,Bonick,rbonick7@ft.com,Polygender,8th Floor
9,Anna-diane,Thebeaud,athebeaud8@google.nl,Female,Room 1223
10,Eugenio,Tabram,etabram9@1und1.de,Male,Suite 85
11,Maurine,Stranieri,mstranieria@facebook.com,Female,Suite 54
12,Arlee,Buxey,abuxeyb@edublogs.org,Female,7th Floor
13,Hurlee,Paradyce,hparadycec@reverbnation.com,Polygender,Apt 1831
14,Hall,Bummfrey,hbummfreyd@smh.com.au,Genderfluid,Suite 94
15,Alfredo,Duffin,aduffine@jugem.jp,Male,PO Box 72834
16,Ax,Patrone,apatronef@wisc.edu,Male,Suite 27
17,Dall,Peatt,dpeattg@multiply.com,Male,Room 1861
18,Matthus,Szimon,mszimonh@guardian.co.uk,Male,Suite 20
19,Quill,Rappaport,qrappaporti@npr.org,Male,PO Box 98222
20,Charlena,Campos,ccamposj@google.com.hk,Female,Apt 1126
21,Dorey,De Ruggero,dderuggerok@themeforest.net,Female,Suite 55
22,Hestia,Downing,hdowningl@storify.com,Female,20th Floor
23,Myrna,Heistermann,mheistermannm@github.com,Female,16th Floor
24,Georg,Paeckmeyer,gpaeckmeyern@desdev.cn,Male,PO Box 92433
25,Kettie,Giovanetti,kgiovanettio@statcounter.com,Female,Suite 63
26,Loni,Cecchi,lcecchip@tmall.com,Female,14th Floor
27,Schuyler,Enochsson,senochssonq@mlb.com,Male,4th Floor
28,Nat,Jolliss,njollissr@google.fr,Male,13th Floor
29,Link,Foltin,lfoltins@wired.com,Male,Room 684
30,Horten,McKerton,hmckertont@house.gov,Male,PO Box 97402
31,Griffith,Dansie,gdansieu@patch.com,Male,Suite 80
32,Erskine,Dalgarnocht,edalgarnochtv@cargocollective.com,Non-binary,20th Floor
33,Idalia,Bramhill,ibramhillw@icq.com,Female,PO Box 22562
34,Fionna,Romand,fromandx@theglobeandmail.com,Female,Suite 76
35,Francis,Egel,fegely@freewebs.com,Male,Room 558
36,Mireille,Championnet,mchampionnetz@xing.com,Female,1st Floor
37,Caroline,Toby,ctoby10@microsoft.com,Female,Room 159
38,Svend,Weich,sweich11@globo.com,Male,PO Box 18911
39,Candie,Threadgold,cthreadgold12@bigcartel.com,Female,Suite 18
40,Ellsworth,Duesberry,eduesberry13@multiply.com,Male,Suite 38
41,Nickolai,Addyman,naddyman14@unc.edu,Male,PO Box 55143
42,Ariel,Gaukroger,agaukroger15@cbsnews.com,Female,13th Floor
43,Durant,Dyde,ddyde16@google.fr,Male,13th Floor
44,Parnell,Cockson,pcockson17@naver.com,Male,PO Box 77416
45,Menard,Hawe,mhawe18@slate.com,Male,Apt 232
46,Jacqui,Royste,jroyste19@state.gov,Female,Suite 79
47,Xena,Karslake,xkarslake1a@pagesperso-orange.fr,Female,Room 1195
48,Vasily,Jollands,vjollands1b@go.com,Male,Apt 1010
49,Jaye,Bowie,jbowie1c@auda.org.au,Male,Apt 229
50,Marcella,Luckin,mluckin1d@cnn.com,Female,Apt 1301
51,Lorant,Labden,llabden1e@dailymail.co.uk,Male,Suite 80
52,Nancee,Hazlegrove,nhazlegrove1f@xing.com,Female,4th Floor
53,Carlene,Unsworth,cunsworth1g@spiegel.de,Female,12th Floor
54,Jeannette,Middlewick,jmiddlewick1h@bloomberg.com,Female,14th Floor
55,Chevy,Pele,cpele1i@nyu.edu,Male,3rd Floor
56,Morgan,D'Almeida,mdalmeida1j@opensource.org,Male,PO Box 55887
57,Shurlocke,Stookes,sstookes1k@facebook.com,Male,Suite 10
58,Carmelina,Seneschal,cseneschal1l@businessinsider.com,Genderfluid,Room 1030
59,Kelsey,Goozee,kgoozee1m@taobao.com,Male,18th Floor
60,Giacopo,MacTrusty,gmactrusty1n@arstechnica.com,Male,Room 164
61,Alastair,Semper,asemper1o@dailymotion.com,Male,Suite 39
62,Windham,Haydock,whaydock1p@360.cn,Male,17th Floor
63,Leanor,Slayton,lslayton1q@blogs.com,Female,PO Box 52615
64,Polly,Northcliffe,pnorthcliffe1r@blogger.com,Female,11th Floor
65,Jessalyn,Fenwick,jfenwick1s@posterous.com,Female,PO Box 69898
66,Leela,Date,ldate1t@bloglines.com,Female,Suite 36
67,Frazer,Fermor,ffermor1u@seesaa.net,Male,Suite 5
68,Mady,De la Yglesia,mdelayglesia1v@last.fm,Female,1st Floor
69,Lorry,Wieprecht,lwieprecht1w@statcounter.com,Male,Room 58
70,Iseabal,Agneau,iagneau1x@google.cn,Female,Apt 1853
71,Boone,Beggan,bbeggan1y@youtube.com,Male,Room 492
72,Jens,Briatt,jbriatt1z@dyndns.org,Male,Room 1469
73,Ashlan,Wince,awince20@reuters.com,Female,Suite 50
74,Tony,Scriven,tscriven21@wikispaces.com,Male,Suite 59
75,Orton,Kibbel,okibbel22@foxnews.com,Male,Room 1312
76,Merv,Matuszyk,mmatuszyk23@msu.edu,Male,5th Floor
77,Reine,Gomez,rgomez24@oracle.com,Female,PO Box 67505
78,Hendrik,Mothersdale,hmothersdale25@ezinearticles.com,Male,Apt 288
79,Sean,Storrs,sstorrs26@pen.io,Male,Suite 62
80,Scarlet,Shuttle,sshuttle27@addtoany.com,Female,Room 365
81,Winifred,Soigne,wsoigne28@cdc.gov,Female,Apt 1843
82,Kassia,Aubury,kaubury29@vkontakte.ru,Female,Apt 951
83,Cathe,Dansken,cdansken2a@xinhuanet.com,Polygender,PO Box 64447
84,Coralyn,Curmi,ccurmi2b@ocn.ne.jp,Female,Suite 52
85,Cobbie,Pinnick,cpinnick2c@barnesandnoble.com,Male,Apt 1850
86,Meggie,Wingate,mwingate2d@elegantthemes.com,Agender,Apt 1615
87,Abbye,Extil,aextil2e@eepurl.com,Female,Room 668
88,Fanni,Murie,fmurie2f@archive.org,Female,PO Box 47650
89,Pia,Erley,perley2g@sfgate.com,Female,PO Box 65097
90,Clarie,Coats,ccoats2h@tamu.edu,Female,Suite 59
91,Morlee,Chamberlaine,mchamberlaine2i@multiply.com,Male,Suite 17
92,Randy,Melin,rmelin2j@washington.edu,Male,Room 1148
93,Roxanne,Biaggioli,rbiaggioli2k@163.com,Agender,PO Box 66863
94,Karlan,Leftridge,kleftridge2l@e-recht24.de,Male,5th Floor
95,Brewer,Cassley,bcassley2m@wunderground.com,Male,13th Floor
96,Barclay,Horribine,bhorribine2n@desdev.cn,Male,Suite 26
97,Ardyce,Longstreeth,alongstreeth2o@bbb.org,Female,Apt 1636
98,Barclay,Spittall,bspittall2p@amazon.co.uk,Non-binary,PO Box 36898
99,Celine,Staynes,cstaynes2q@usnews.com,Female,Suite 100
100,Arlette,Belchamber,abelchamber2r@scientificamerican.com,Female,Room 966
101,Dominique,Gavin,dgavin2s@elpais.com,Female,Suite 4
102,Winnifred,Gealle,wgealle2t@google.co.uk,Female,Room 1223
103,Armstrong,Jewar,ajewar2u@accuweather.com,Male,20th Floor
104,Mabel,Darleston,mdarleston2v@etsy.com,Female,PO Box 43450
105,Christos,Jellico,cjellico2w@alexa.com,Male,Room 204
106,Orsola,Valens-Smith,ovalenssmith2x@npr.org,Female,PO Box 31983
107,Royall,Colwill,rcolwill2y@bravesites.com,Male,Suite 19
108,Flora,Lamasna,flamasna2z@reverbnation.com,Female,Room 1562
109,Shae,Kift,skift30@blogtalkradio.com,Female,4th Floor
110,Deeann,Burborough,dburborough31@shutterfly.com,Female,15th Floor
111,Aloin,O'Cuddie,aocuddie32@boston.com,Male,19th Floor
112,Dory,Van Driel,dvandriel33@networksolutions.com,Female,1st Floor
113,Allene,Tetther,atetther34@netvibes.com,Female,PO Box 14707
114,Horatio,Flucker,hflucker35@bloomberg.com,Male,Room 1891
115,Avis,Holtom,aholtom36@sfgate.com,Genderfluid,10th Floor
116,Candis,Vautre,cvautre37@shop-pro.jp,Female,Suite 20
117,Erin,Gilks,egilks38@google.it,Male,Apt 1472
118,Adiana,Keeting,akeeting39@ebay.co.uk,Genderfluid,Suite 43
119,Marmaduke,Tille,mtille3a@bravesites.com,Male,9th Floor
120,Nikki,Kohtler,nkohtler3b@scientificamerican.com,Male,9th Floor
121,Edvard,Kaines,ekaines3c@e-recht24.de,Male,13th Floor
122,Yuri,Nixon,ynixon3d@mashable.com,Male,Room 1624
123,Ardyce,Christol,achristol3e@hatena.ne.jp,Genderqueer,Suite 70
124,Dyanne,Wallbank,dwallbank3f@linkedin.com,Female,Suite 89
125,Kai,Nitti,knitti3g@walmart.com,Female,Room 1940
126,Keith,Haley,khaley3h@engadget.com,Male,Apt 1278
127,Clementine,Maggorini,cmaggorini3i@vk.com,Female,Room 620
128,Floyd,Jedrasik,fjedrasik3j@nydailynews.com,Bigender,Apt 435
129,Tally,Seddon,tseddon3k@usa.gov,Female,Suite 95
130,Tisha,Nears,tnears3l@51.la,Bigender,Room 584
131,Leonelle,Dady,ldady3m@examiner.com,Female,Suite 93
132,Hewett,Kayne,hkayne3n@fastcompany.com,Male,Room 223
133,Cyrille,Banner,cbanner3o@fda.gov,Male,Suite 98
134,Nat,Dalgetty,ndalgetty3p@ebay.co.uk,Bigender,Room 1690
135,Blinnie,Kynton,bkynton3q@theglobeandmail.com,Non-binary,Suite 43
136,Kippy,Loakes,kloakes3r@parallels.com,Male,Suite 45
137,Salmon,Boucher,sboucher3s@sakura.ne.jp,Non-binary,PO Box 76498
138,Carlynne,Ollivierre,collivierre3t@cocolog-nifty.com,Female,PO Box 77199
139,Kata,Cowherd,kcowherd3u@si.edu,Non-binary,PO Box 37292
140,Jeremiah,Turmell,jturmell3v@omniture.com,Male,Suite 1
141,Sylvester,Strase,sstrase3w@uiuc.edu,Male,10th Floor
142,Benjy,Reide,breide3x@youtube.com,Male,Room 2
143,Camilla,Howton,chowton3y@nps.gov,Female,PO Box 21048
144,Caesar,Ealden,cealden3z@deliciousdays.com,Male,Apt 503
145,Car,Speke,cspeke40@goo.gl,Male,13th Floor
146,Corri,Yeeles,cyeeles41@shop-pro.jp,Female,PO Box 89993
147,Dud,Diprose,ddiprose42@phpbb.com,Male,17th Floor
148,Barth,Anchor,banchor43@berkeley.edu,Male,Apt 118
149,Lainey,Tibbits,ltibbits44@topsy.com,Female,18th Floor
150,Lutero,Kanzler,lkanzler45@g.co,Male,Room 442
151,Bald,Boreham,bboreham46@eepurl.com,Male,2nd Floor
152,Lelah,Milch,lmilch47@cbslocal.com,Female,Room 390
153,Ernestus,Jeffryes,ejeffryes48@miitbeian.gov.cn,Male,3rd Floor
154,Davon,Titterrell,dtitterrell49@sun.com,Male,Suite 63
155,Berton,Aberhart,baberhart4a@nih.gov,Male,Apt 1209
156,Goober,Grandham,ggrandham4b@unicef.org,Male,PO Box 83747
157,Mirabel,Tharme,mtharme4c@hp.com,Female,12th Floor
158,Melania,Harnwell,mharnwell4d@list-manage.com,Bigender,Room 713
159,Daryn,Bassil,dbassil4e@goodreads.com,Female,Apt 1933
160,Jaime,Christy,jchristy4f@meetup.com,Female,Room 670
161,Aubrie,Buttrick,abuttrick4g@utexas.edu,Female,Apt 1776
162,Minny,Tenby,mtenby4h@usatoday.com,Female,15th Floor
163,Raina,Balffye,rbalffye4i@goo.ne.jp,Female,Room 546
164,Annabal,Meagh,ameagh4j@boston.com,Female,Room 354
165,Yorker,Blucher,yblucher4k@imgur.com,Male,Apt 944
166,Rhodia,Matijasevic,rmatijasevic4l@csmonitor.com,Female,Apt 399
167,Timofei,Savage,tsavage4m@usda.gov,Male,Room 448
168,Glynnis,Ingley,gingley4n@slashdot.org,Female,Apt 1730
169,Edwin,Masser,emasser4o@jiathis.com,Male,PO Box 30021
170,Danika,Tinner,dtinner4p@vkontakte.ru,Female,Suite 68
171,Monika,Orto,morto4q@comcast.net,Female,Suite 43
172,Heinrik,Sowte,hsowte4r@dot.gov,Male,PO Box 26182
173,Fedora,Lumm,flumm4s@lulu.com,Female,Room 1471
174,Gertie,Grime,ggrime4t@mlb.com,Female,PO Box 97963
175,Charla,Iacopini,ciacopini4u@networksolutions.com,Female,Apt 1295
176,Abramo,Sockell,asockell4v@unesco.org,Male,Suite 43
177,Gayleen,Mochan,gmochan4w@scientificamerican.com,Female,5th Floor
178,Darcie,Kuhle,dkuhle4x@answers.com,Female,Apt 565
179,Whitaker,Mulqueeny,wmulqueeny4y@shareasale.com,Male,12th Floor
180,Jeri,Norree,jnorree4z@cnbc.com,Female,Apt 565
181,Roldan,Climo,rclimo50@bravesites.com,Male,Room 1387
182,Norris,Bjerkan,nbjerkan51@theguardian.com,Male,Apt 1310
183,Rollins,Drillot,rdrillot52@addthis.com,Male,Apt 1342
184,Shirlee,Sibly,ssibly53@guardian.co.uk,Female,Room 1581
185,Marti,Filochov,mfilochov54@cam.ac.uk,Female,Room 644
186,Waldo,Greiser,wgreiser55@ebay.com,Male,Apt 95
187,Des,Ick,dick56@barnesandnoble.com,Male,7th Floor
188,Janine,Gaisford,jgaisford57@netlog.com,Female,Room 952
189,Zachary,Barrable,zbarrable58@tmall.com,Male,Suite 63
190,Allyce,Maun,amaun59@gizmodo.com,Female,PO Box 81112
191,Thatcher,Klimushev,tklimushev5a@acquirethisname.com,Male,Suite 8
192,Arturo,Tatchell,atatchell5b@webeden.co.uk,Male,Room 434
193,Zilvia,Allam,zallam5c@storify.com,Female,Room 341
194,Annmaria,Pendock,apendock5d@washington.edu,Female,3rd Floor
195,Raymund,Barnet,rbarnet5e@ebay.co.uk,Male,Apt 787
196,King,Price,kprice5f@liveinternet.ru,Male,Suite 98
197,Jilleen,Pavlovsky,jpavlovsky5g@si.edu,Female,13th Floor
198,Warde,Micheau,wmicheau5h@multiply.com,Genderfluid,PO Box 4872
199,Teddy,Duester,tduester5i@livejournal.com,Male,Apt 763
200,Pegeen,Durtnall,pdurtnall5j@wisc.edu,Female,Room 985
201,Noby,Trewin,ntrewin5k@usgs.gov,Male,Suite 61
202,Evelyn,Shobbrook,eshobbrook5l@samsung.com,Female,Suite 31
203,Rachael,Orrett,rorrett5m@disqus.com,Female,Apt 1729
204,Alexina,Wordington,awordington5n@ning.com,Female,Suite 59
205,Katina,Vinck,kvinck5o@soup.io,Female,8th Floor
206,Moira,Gladwin,mgladwin5p@elegantthemes.com,Female,Apt 537
207,Isiahi,Edelman,iedelman5q@tuttocitta.it,Male,PO Box 2821
208,Jillian,Quartly,jquartly5r@ustream.tv,Female,Suite 46
209,Darlene,Kiddey,dkiddey5s@oracle.com,Non-binary,Room 1199
210,Arte,Hulmes,ahulmes5t@si.edu,Non-binary,Apt 707
211,Rancell,Woolforde,rwoolforde5u@go.com,Male,PO Box 35983
212,Hew,Fewell,hfewell5v@g.co,Male,Apt 189
213,Carmel,Nissle,cnissle5w@usa.gov,Female,Suite 67
214,Raynor,Durbann,rdurbann5x@flavors.me,Male,Room 1400
215,Ethelda,Weight,eweight5y@ehow.com,Female,PO Box 84703
216,Antonino,Dickins,adickins5z@ft.com,Male,14th Floor
217,Penni,Halburton,phalburton60@facebook.com,Female,Apt 126
218,Kaylil,Crittal,kcrittal61@wordpress.org,Female,Suite 61
219,Alejandro,Tudbald,atudbald62@fotki.com,Male,14th Floor
220,Filmer,Armfield,farmfield63@tripadvisor.com,Male,Apt 1802
221,Maggee,Hulance,mhulance64@engadget.com,Female,Suite 57
222,Brnaby,Butteris,bbutteris65@sourceforge.net,Male,13th Floor
223,Madeline,Brookz,mbrookz66@dailymotion.com,Female,Room 594
224,Anissa,Glancey,aglancey67@clickbank.net,Female,Suite 41
225,Kiley,Marvel,kmarvel68@cnn.com,Non-binary,Suite 71
226,Gabriello,Lanaway,glanaway69@imdb.com,Agender,PO Box 67187
227,Oates,Andryszczak,oandryszczak6a@nature.com,Male,Room 394
228,Henrie,Hudless,hhudless6b@4shared.com,Female,PO Box 66901
229,Silvio,McAllen,smcallen6c@alibaba.com,Bigender,Apt 1080
230,Pincas,Garrud,pgarrud6d@mashable.com,Male,PO Box 65698
231,Bernardine,Rippin,brippin6e@ftc.gov,Female,Apt 343
232,Jayme,Ubsdale,jubsdale6f@apple.com,Male,Suite 22
233,Joane,Sheehy,jsheehy6g@zdnet.com,Female,Apt 399
234,Mag,Navarro,mnavarro6h@skyrock.com,Female,PO Box 53141
235,Janie,Sunderland,jsunderland6i@nationalgeographic.com,Female,Apt 745
236,Idalia,Lacroutz,ilacroutz6j@exblog.jp,Female,Suite 29
237,Vally,Rummer,vrummer6k@wisc.edu,Female,12th Floor
238,Kristal,Pighills,kpighills6l@addtoany.com,Female,Room 1401
239,Corine,Cottell,ccottell6m@myspace.com,Bigender,Apt 833
240,Adora,Delepine,adelepine6n@mysql.com,Female,Room 655
241,Kimball,Josilowski,kjosilowski6o@ox.ac.uk,Male,Suite 25
242,Leela,Juhruke,ljuhruke6p@umich.edu,Female,PO Box 28706
243,Staci,Copelli,scopelli6q@bing.com,Female,Room 922
244,Aili,Parfett,aparfett6r@clickbank.net,Female,Room 1143
245,Oralia,Morson,omorson6s@unblog.fr,Female,Suite 15
246,Floria,Jone,fjone6t@diigo.com,Female,Suite 12
247,Cecelia,Banat,cbanat6u@nhs.uk,Female,PO Box 82574
248,Annamaria,Trimming,atrimming6v@moonfruit.com,Female,PO Box 15046
249,Tom,Thickin,tthickin6w@delicious.com,Male,5th Floor
250,Valentino,Ranby,vranby6x@simplemachines.org,Male,PO Box 64404
251,Levon,McIlenna,lmcilenna6y@webs.com,Male,17th Floor
252,Ruthe,Emmatt,remmatt6z@etsy.com,Female,PO Box 41079
253,Geoff,Jenton,gjenton70@baidu.com,Male,12th Floor
254,Lennard,Leheude,lleheude71@theglobeandmail.com,Male,Room 1291
255,Kelby,Siddall,ksiddall72@trellian.com,Male,Suite 60
256,Ber,Mac Giolla Pheadair,bmacgiollapheadair73@ow.ly,Male,Room 1393
257,Martainn,Rookesby,mrookesby74@sogou.com,Male,Room 319
258,Nicol,Sier,nsier75@istockphoto.com,Female,Room 806
259,Hakeem,Wrate,hwrate76@angelfire.com,Male,5th Floor
260,Mikey,Grass,mgrass77@g.co,Male,Room 1805
261,Solomon,Vaskin,svaskin78@booking.com,Male,7th Floor
262,Myca,Keitley,mkeitley79@shop-pro.jp,Male,PO Box 39661
263,Atlanta,MacGuiness,amacguiness7a@nytimes.com,Female,Room 1561
264,Ricki,McCarron,rmccarron7b@blinklist.com,Female,Apt 1880
265,Mendie,Mowne,mmowne7c@goodreads.com,Male,Apt 938
266,Cole,Rotter,crotter7d@wikipedia.org,Male,Suite 96
267,Rowland,Gounel,rgounel7e@msu.edu,Male,Apt 396
268,Nicole,McIllrick,nmcillrick7f@webeden.co.uk,Female,14th Floor
269,Leela,Broadbury,lbroadbury7g@i2i.jp,Non-binary,Suite 38
270,Arlene,Clawson,aclawson7h@addthis.com,Female,Suite 52
271,Johnette,Scamadin,jscamadin7i@europa.eu,Polygender,Suite 43
272,Min,Blakeborough,mblakeborough7j@yale.edu,Female,PO Box 75714
273,Fiona,Jeffreys,fjeffreys7k@behance.net,Female,Apt 245
274,Giustina,Grumble,ggrumble7l@cmu.edu,Non-binary,Apt 1217
275,Reeta,Bowra,rbowra7m@usda.gov,Polygender,Room 470
276,Amalle,Pancast,apancast7n@microsoft.com,Female,10th Floor
277,Connie,Athelstan,cathelstan7o@slate.com,Female,Apt 1899
278,Julianne,Bradnocke,jbradnocke7p@privacy.gov.au,Female,PO Box 17529
279,Katusha,Dopson,kdopson7q@xing.com,Female,7th Floor
280,Willabella,Mildner,wmildner7r@cisco.com,Female,16th Floor
281,Lief,Cranton,lcranton7s@patch.com,Male,Room 1940
282,Kitti,Muehle,kmuehle7t@elpais.com,Female,PO Box 40430
283,Murry,Sacchetti,msacchetti7u@bing.com,Male,Suite 57
284,Roseanne,Fussie,rfussie7v@issuu.com,Female,Room 1886
285,Stacy,Fishenden,sfishenden7w@apache.org,Male,PO Box 98755
286,Appolonia,Faircliff,afaircliff7x@nyu.edu,Female,16th Floor
287,Alina,Oxley,aoxley7y@de.vu,Female,Apt 1873
288,Zacharias,Lamprecht,zlamprecht7z@intel.com,Genderfluid,4th Floor
289,Trix,Newvill,tnewvill80@smh.com.au,Female,PO Box 19513
290,Flin,Brimson,fbrimson81@tumblr.com,Male,Apt 1648
291,Johnathon,Seivwright,jseivwright82@w3.org,Male,12th Floor
292,Shellysheldon,Lydall,slydall83@illinois.edu,Male,11th Floor
293,Loy,Keegan,lkeegan84@chicagotribune.com,Non-binary,Suite 92
294,Nikolia,Lindblad,nlindblad85@soundcloud.com,Female,Room 735
295,Natalie,Grieveson,ngrieveson86@theglobeandmail.com,Polygender,Apt 243
296,Luciano,Fevers,lfevers87@bizjournals.com,Male,PO Box 65569
297,Pepi,Cordeux,pcordeux88@google.com.hk,Female,Suite 89
298,Deanne,Margerrison,dmargerrison89@plala.or.jp,Female,Apt 459
299,Hardy,Natt,hnatt8a@mediafire.com,Male,Suite 9
300,Johnnie,Dalgarnocht,jdalgarnocht8b@live.com,Male,5th Floor
301,Forest,Grossman,fgrossman8c@cam.ac.uk,Male,Apt 411
302,Paulina,Elsmore,pelsmore8d@123-reg.co.uk,Female,3rd Floor
303,Wiley,Twine,wtwine8e@cbslocal.com,Male,PO Box 69089
304,Brianne,Goodhall,bgoodhall8f@aol.com,Female,Room 1570
305,Georgy,Mingard,gmingard8g@youku.com,Male,Suite 81
306,Titus,O' Mulderrig,tomulderrig8h@multiply.com,Male,Suite 8
307,Hillel,McMains,hmcmains8i@bluehost.com,Male,Suite 61
308,Teddi,Foxwell,tfoxwell8j@amazon.co.uk,Female,PO Box 75927
309,Linnie,Bellenger,lbellenger8k@wufoo.com,Polygender,Room 1739
310,Ericha,Gilby,egilby8l@usgs.gov,Female,Suite 9
311,Berni,Darbey,bdarbey8m@techcrunch.com,Female,Apt 566
312,Karolina,Koenen,kkoenen8n@wordpress.org,Agender,Room 1788
313,Vivyanne,Fullalove,vfullalove8o@eepurl.com,Female,Apt 1809
314,Gabie,Pasley,gpasley8p@oaic.gov.au,Polygender,1st Floor
315,Kaile,Mattsson,kmattsson8q@ameblo.jp,Female,Suite 70
316,Xever,Penas,xpenas8r@photobucket.com,Male,Apt 1337
317,Bronnie,Yarwood,byarwood8s@webmd.com,Male,2nd Floor
318,Willyt,Blaxlande,wblaxlande8t@friendfeed.com,Female,Suite 51
319,Nettie,Rapper,nrapper8u@hugedomains.com,Female,Room 1553
320,Donna,Custy,dcusty8v@economist.com,Polygender,PO Box 45711
321,Ebba,Renak,erenak8w@phoca.cz,Female,Apt 122
322,Melodie,Scraney,mscraney8x@angelfire.com,Female,Suite 33
323,Becka,Trusler,btrusler8y@live.com,Female,PO Box 20097
324,Beret,Cotte,bcotte8z@hhs.gov,Female,Apt 124
325,Mikel,Hards,mhards90@vistaprint.com,Male,Apt 839
326,Katie,Byllam,kbyllam91@apache.org,Female,PO Box 40137
327,Ediva,Hinchon,ehinchon92@upenn.edu,Female,Suite 38
328,Emilio,Killoran,ekilloran93@soup.io,Male,PO Box 70214
329,Ellary,Tomowicz,etomowicz94@archive.org,Male,Apt 1720
330,Tracy,Bosden,tbosden95@godaddy.com,Male,Apt 1371
331,Susanetta,Kevlin,skevlin96@nbcnews.com,Female,20th Floor
332,Avictor,Baddeley,abaddeley97@ca.gov,Male,Suite 38
333,Geno,Newlove,gnewlove98@amazon.de,Male,Suite 15
334,Kaycee,Lapwood,klapwood99@yelp.com,Female,Room 1152
335,Luella,Nutting,lnutting9a@gmpg.org,Female,Suite 89
336,Twyla,Warbrick,twarbrick9b@mlb.com,Female,Room 209
337,Humfrid,Grabb,hgrabb9c@bbb.org,Male,Room 969
338,Shea,Darling,sdarling9d@jigsy.com,Female,PO Box 32352
339,Shawn,Levis,slevis9e@webmd.com,Male,Room 535
340,Edmon,Clew,eclew9f@dell.com,Agender,Suite 97
341,Grethel,Hewertson,ghewertson9g@parallels.com,Female,Suite 93
342,Corabella,Depka,cdepka9h@ocn.ne.jp,Female,Suite 60
343,Vivi,Alessandrucci,valessandrucci9i@xrea.com,Female,Apt 1129
344,Hinze,Messer,hmesser9j@godaddy.com,Male,13th Floor
345,Virgie,Townrow,vtownrow9k@nasa.gov,Female,Suite 53
346,Colleen,Hollow,chollow9l@list-manage.com,Female,12th Floor
347,Verina,Hellmer,vhellmer9m@ucoz.ru,Female,Room 72
348,Bekki,Donalson,bdonalson9n@senate.gov,Female,15th Floor
349,Esta,Lorentzen,elorentzen9o@nature.com,Female,Room 735
350,Bobbee,Dolder,bdolder9p@rambler.ru,Female,Room 815
351,Ciro,Sutworth,csutworth9q@nhs.uk,Male,Room 1751
352,Donia,Hotchkin,dhotchkin9r@webs.com,Female,Suite 56
353,Ethan,Ughelli,eughelli9s@soup.io,Male,Apt 1033
354,Thomasina,Fairlie,tfairlie9t@cisco.com,Female,PO Box 68340
355,Craggy,McGettrick,cmcgettrick9u@paypal.com,Male,Suite 16
356,Kin,Fiddian,kfiddian9v@liveinternet.ru,Male,Suite 28
357,Sheba,Beadnall,sbeadnall9w@wikimedia.org,Female,Room 583
358,Rasia,Bedinham,rbedinham9x@ucsd.edu,Female,PO Box 35408
359,Harper,Lyenyng,hlyenyng9y@google.ca,Male,Suite 92
360,Falito,Snape,fsnape9z@hp.com,Male,7th Floor
361,Vern,Sumption,vsumptiona0@pen.io,Male,PO Box 15564
362,Maggee,Bielfelt,mbielfelta1@wordpress.org,Female,PO Box 16480
363,Jasper,McCard,jmccarda2@walmart.com,Male,Suite 42
364,Ali,Sowten,asowtena3@jiathis.com,Male,Apt 1968
365,Kattie,Harrad,kharrada4@dailymail.co.uk,Female,Room 316
366,Jethro,Moreland,jmorelanda5@jimdo.com,Male,18th Floor
367,Ogden,Clemens,oclemensa6@google.nl,Male,PO Box 67607
368,Roxine,Syfax,rsyfaxa7@sitemeter.com,Female,Room 56
369,Carlita,Paolotto,cpaolottoa8@cdc.gov,Female,Apt 1307
370,Jedidiah,Kilfoyle,jkilfoylea9@hatena.ne.jp,Male,Apt 8
371,Sibylla,Applin,sapplinaa@vinaora.com,Female,Suite 75
372,Aline,Ivashinnikov,aivashinnikovab@sakura.ne.jp,Female,Apt 1720
373,Avivah,Jaycock,ajaycockac@intel.com,Female,Suite 94
374,Norrie,MacKimm,nmackimmad@nasa.gov,Male,17th Floor
375,Nathanial,Greedier,ngreedierae@naver.com,Male,16th Floor
376,Felicity,Saveall,fsaveallaf@is.gd,Agender,Room 728
377,Broddy,Conneely,bconneelyag@disqus.com,Polygender,Apt 218
378,Isahella,Sandaver,isandaverah@myspace.com,Female,Suite 7
379,Margaret,Stoyell,mstoyellai@fotki.com,Female,PO Box 86097
380,Courtenay,Baggs,cbaggsaj@privacy.gov.au,Female,Room 1909
381,Lemuel,Menham,lmenhamak@ebay.com,Male,Suite 57
382,Alene,Scutter,ascutteral@hc360.com,Female,Room 1524
383,Hebert,Borkin,hborkinam@squidoo.com,Male,Suite 57
384,Clifford,Beston,cbestonan@dailymail.co.uk,Male,Room 1071
385,Margeaux,Duigan,mduiganao@arstechnica.com,Female,PO Box 33005
386,Rubie,Vasyatkin,rvasyatkinap@amazon.de,Female,1st Floor
387,Garrett,Stebles,gsteblesaq@ameblo.jp,Male,PO Box 1835
388,Mirilla,Streetley,mstreetleyar@amazonaws.com,Female,1st Floor
389,Errol,Kopfer,ekopferas@ebay.com,Polygender,Room 1923
390,Alair,Blaase,ablaaseat@myspace.com,Male,PO Box 50216
391,Christos,Whipple,cwhippleau@squarespace.com,Male,Room 782
392,Vernen,Gutteridge,vgutteridgeav@vkontakte.ru,Male,Room 57
393,Galen,Fairhurst,gfairhurstaw@admin.ch,Male,PO Box 25276
394,Lombard,Geard,lgeardax@narod.ru,Male,Apt 237
395,Farlay,Tregian,ftregianay@samsung.com,Male,13th Floor
396,Claresta,Seelbach,cseelbachaz@ucla.edu,Female,Room 1108
397,Nickie,Kinvan,nkinvanb0@yahoo.com,Female,PO Box 3214
398,Marchelle,Flescher,mflescherb1@eepurl.com,Female,Room 524
399,Carlyle,Dobson,cdobsonb2@statcounter.com,Male,Suite 28
400,Raphael,Lauder,rlauderb3@theglobeandmail.com,Bigender,Apt 527
401,Ebeneser,Stone Fewings,estonefewingsb4@deliciousdays.com,Male,Room 1712
402,Dud,Chesworth,dchesworthb5@flickr.com,Genderfluid,PO Box 36575
403,Gaby,Rand,grandb6@netscape.com,Female,Apt 169
404,Hill,Howgate,hhowgateb7@prweb.com,Male,6th Floor
405,Kaleena,Havesides,khavesidesb8@umich.edu,Female,Apt 1648
406,Stuart,Masarrat,smasarratb9@prlog.org,Male,PO Box 4843
407,Donnell,Kenton,dkentonba@salon.com,Male,Apt 445
408,Madeleine,Luna,mlunabb@skyrock.com,Female,Apt 888
409,Harlene,Brissenden,hbrissendenbc@chron.com,Female,Room 368
410,Kyle,Seeney,kseeneybd@ow.ly,Female,PO Box 64465
411,Wheeler,Shapera,wshaperabe@paginegialle.it,Male,5th Floor
412,Franklyn,Fratczak,ffratczakbf@bbc.co.uk,Male,Suite 25
413,Cece,Gaylor,cgaylorbg@wired.com,Male,PO Box 12066
414,Arnoldo,Grumell,agrumellbh@cdc.gov,Male,PO Box 29014
415,Janessa,Siward,jsiwardbi@loc.gov,Genderfluid,Suite 52
416,Britney,Soeiro,bsoeirobj@harvard.edu,Female,8th Floor
417,Gretta,Halladay,ghalladaybk@clickbank.net,Bigender,Suite 87
418,Maridel,Robrose,mrobrosebl@aboutads.info,Female,PO Box 92730
419,Arlyne,Hallmark,ahallmarkbm@hubpages.com,Female,Apt 1299
420,Wenda,Steger,wstegerbn@examiner.com,Female,7th Floor
421,Clemente,Caplan,ccaplanbo@mapquest.com,Male,Room 1231
422,Ludwig,Simco,lsimcobp@clickbank.net,Agender,7th Floor
423,Etti,Pollastrone,epollastronebq@friendfeed.com,Female,16th Floor
424,Belinda,Brass,bbrassbr@gov.uk,Non-binary,PO Box 18027
425,Elmer,Gudde,eguddebs@house.gov,Male,Apt 516
426,Maryanna,Pearsey,mpearseybt@goo.gl,Polygender,19th Floor
427,Filip,Jephson,fjephsonbu@moonfruit.com,Male,PO Box 91558
428,Cassi,Aleksic,caleksicbv@archive.org,Female,15th Floor
429,Alikee,Berresford,aberresfordbw@spotify.com,Female,Room 1223
430,Carlo,Bradnum,cbradnumbx@dailymail.co.uk,Male,Room 551
431,Creighton,Nelane,cnelaneby@t.co,Male,Room 274
432,Giselle,Fortnum,gfortnumbz@nymag.com,Female,Room 243
433,Philipa,Agastina,pagastinac0@va.gov,Female,Apt 858
434,Gearalt,Bittlestone,gbittlestonec1@webmd.com,Male,Apt 269
435,Dylan,Baillie,dbailliec2@nytimes.com,Male,Room 1589
436,Lou,Beceril,lbecerilc3@bloglines.com,Female,10th Floor
437,Clary,Oakly,coaklyc4@washingtonpost.com,Female,Apt 910
438,Aloysia,Imison,aimisonc5@vkontakte.ru,Genderfluid,Room 1897
439,Gregor,Carvilla,gcarvillac6@google.cn,Male,17th Floor
440,Christel,Prosh,cproshc7@quantcast.com,Female,Suite 67
441,Myrvyn,Baine,mbainec8@ning.com,Male,Apt 118
442,Franciskus,Vedyaev,fvedyaevc9@tuttocitta.it,Male,Suite 74
443,Piper,Flott,pflottca@indiatimes.com,Female,3rd Floor
444,Murielle,McGill,mmcgillcb@businessweek.com,Female,PO Box 56752
445,Si,Drinkale,sdrinkalecc@myspace.com,Male,Apt 1840
446,Antonius,Matts,amattscd@blinklist.com,Male,PO Box 68272
447,Madel,Loram,mloramce@admin.ch,Female,Apt 528
448,Mayor,Poyntz,mpoyntzcf@seattletimes.com,Polygender,Room 869
449,Emmaline,Berrisford,eberrisfordcg@i2i.jp,Non-binary,PO Box 41266
450,Victoir,Swigger,vswiggerch@bandcamp.com,Male,Apt 850
451,Augusto,Andriesse,aandriesseci@cmu.edu,Male,PO Box 62123
452,Vaughan,Wallach,vwallachcj@nature.com,Male,Room 830
453,Mara,de Pinna,mdepinnack@mit.edu,Female,Suite 30
454,Barbi,Gurden,bgurdencl@mayoclinic.com,Female,Room 1067
455,Morrie,Dwire,mdwirecm@elegantthemes.com,Male,PO Box 42887
456,Bernette,Hay,bhaycn@huffingtonpost.com,Female,PO Box 59937
457,Rodger,O'Sheeryne,rosheeryneco@prweb.com,Male,Apt 775
458,Angelo,Embra,aembracp@illinois.edu,Bigender,Room 689
459,Kenna,Ridout,kridoutcq@edublogs.org,Female,4th Floor
460,Cassie,MacLoughlin,cmacloughlincr@cbsnews.com,Male,13th Floor
461,Christiano,Franzel,cfranzelcs@wufoo.com,Male,20th Floor
462,Magdalena,Stallwood,mstallwoodct@eepurl.com,Female,PO Box 82348
463,Victoir,Boxen,vboxencu@bbc.co.uk,Male,Suite 24
464,Fern,Kaliszewski,fkaliszewskicv@whitehouse.gov,Female,Apt 272
465,Christoffer,Pauling,cpaulingcw@opensource.org,Male,Room 846
466,Evyn,Foxworthy,efoxworthycx@nba.com,Male,Room 746
467,Lotty,Sisley,lsisleycy@walmart.com,Female,Apt 1998
468,Gianni,Pinck,gpinckcz@bing.com,Agender,Suite 71
469,Dacy,Crawcour,dcrawcourd0@freewebs.com,Female,Suite 73
470,Francois,Colvin,fcolvind1@1und1.de,Male,Room 1420
471,Mathilde,Shutle,mshutled2@hubpages.com,Female,6th Floor
472,Nilson,Howlings,nhowlingsd3@indiegogo.com,Polygender,Apt 174
473,Meier,Boarder,mboarderd4@4shared.com,Male,Room 661
474,Ursola,Yakushkin,uyakushkind5@theatlantic.com,Female,Room 1585
475,Leopold,Aleshintsev,laleshintsevd6@vimeo.com,Male,Suite 96
476,Donnie,Bondar,dbondard7@bing.com,Male,8th Floor
477,Nathaniel,Sabattier,nsabattierd8@vistaprint.com,Male,Suite 90
478,Skippie,Tansly,stanslyd9@pen.io,Male,7th Floor
479,Ashleigh,Jickells,ajickellsda@purevolume.com,Female,Apt 1030
480,Hershel,Worral,hworraldb@google.it,Male,6th Floor
481,Zed,Brightwell,zbrightwelldc@1und1.de,Male,Room 940
482,Sebastian,De Caroli,sdecarolidd@epa.gov,Male,Room 1131
483,Berk,Dredge,bdredgede@cbsnews.com,Male,Room 1239
484,Felice,D'Aeth,fdaethdf@about.me,Male,PO Box 17075
485,Cullie,Labusquiere,clabusquieredg@networkadvertising.org,Male,Apt 166
486,Cortney,Hospital,chospitaldh@comsenz.com,Female,Apt 1836
487,Fowler,Alders,faldersdi@columbia.edu,Male,Apt 527
488,Reeva,Dwire,rdwiredj@webeden.co.uk,Female,PO Box 63751
489,Cristina,Diplock,cdiplockdk@cbc.ca,Agender,18th Floor
490,Ronny,Kezar,rkezardl@fc2.com,Male,PO Box 6885
491,Cornela,Gough,cgoughdm@trellian.com,Female,Apt 726
492,Rabbi,Cullum,rcullumdn@yale.edu,Male,19th Floor
493,Nathan,Deverson,ndeversondo@google.cn,Male,Suite 82
494,Xenos,Perch,xperchdp@artisteer.com,Male,Room 1516
495,Lemar,Henriet,lhenrietdq@tinyurl.com,Male,PO Box 42798
496,Nels,Ashpital,nashpitaldr@amazon.com,Male,Apt 1980
497,Winny,Rickis,wrickisds@ihg.com,Female,Apt 599
498,Natasha,Roden,nrodendt@redcross.org,Female,9th Floor
499,Sacha,Canter,scanterdu@boston.com,Female,15th Floor
500,Norine,Duffet,nduffetdv@statcounter.com,Female,Suite 58
501,Caleb,Riccardi,criccardidw@hhs.gov,Male,Apt 1052
502,Vanny,Heinish,vheinishdx@yahoo.co.jp,Female,10th Floor
503,Raphaela,Elvins,relvinsdy@cam.ac.uk,Female,PO Box 61296
504,Griffie,Innocenti,ginnocentidz@vkontakte.ru,Male,PO Box 44307
505,Libbi,Feares,lfearese0@amazon.co.uk,Female,PO Box 38117
506,Tonnie,Lismer,tlismere1@latimes.com,Male,20th Floor
507,Kip,Alcide,kalcidee2@wufoo.com,Male,PO Box 16846
508,Marlow,Sall,msalle3@smugmug.com,Male,Suite 71
509,Joaquin,Romans,jromanse4@walmart.com,Male,Room 30
510,Lorry,Mowat,lmowate5@wsj.com,Female,PO Box 56272
511,Timmie,Gemmill,tgemmille6@npr.org,Female,Room 1354
512,Port,Sellick,psellicke7@un.org,Male,PO Box 14713
513,Rhys,Nelissen,rnelissene8@paginegialle.it,Male,12th Floor
514,Glennis,Mullinger,gmullingere9@dailymotion.com,Female,Apt 765
515,Ragnar,Bysouth,rbysouthea@slashdot.org,Male,Suite 71
516,Emilie,Loads,eloadseb@sciencedirect.com,Female,Room 1694
517,Shamus,Ladon,sladonec@creativecommons.org,Male,Room 512
518,Edin,Sambles,esamblesed@icq.com,Female,PO Box 49731
519,Ethan,Izatt,eizattee@sina.com.cn,Male,PO Box 32802
520,Kailey,Fedorski,kfedorskief@scientificamerican.com,Female,Suite 66
521,Nicole,Timblett,ntimbletteg@apple.com,Genderqueer,Room 1696
522,Morty,Guiel,mguieleh@google.fr,Male,Apt 1293
523,Skyler,Fairbrass,sfairbrassei@state.tx.us,Male,Apt 618
524,Tiphani,Goodright,tgoodrightej@themeforest.net,Female,1st Floor
525,Amanda,Inmett,ainmettek@cnbc.com,Female,Room 1990
526,Rolf,Orrice,rorriceel@globo.com,Male,Suite 72
527,La verne,Broadbent,lbroadbentem@g.co,Female,Suite 73
528,Priscilla,Burleigh,pburleighen@ocn.ne.jp,Female,Suite 28
529,Pattie,Hoyte,phoyteeo@umn.edu,Male,4th Floor
530,Tabina,Hasely,thaselyep@economist.com,Female,Apt 673
531,Penn,Maskill,pmaskilleq@google.nl,Male,Suite 16
532,Elnore,Primo,eprimoer@epa.gov,Female,Room 1052
533,Clarey,McEneny,cmcenenyes@jalbum.net,Agender,Room 1512
534,Dode,Goding,dgodinget@upenn.edu,Female,Room 672
535,Sayre,Denyukhin,sdenyukhineu@squarespace.com,Male,PO Box 11266
536,Sancho,Lomasney,slomasneyev@wikimedia.org,Male,20th Floor
537,Dyana,McInnes,dmcinnesew@yandex.ru,Female,Suite 94
538,Lavena,Autie,lautieex@feedburner.com,Female,Apt 1736
539,Celinka,Banyard,cbanyardey@github.io,Genderfluid,Apt 1042
540,Anatollo,Schuricke,aschurickeez@friendfeed.com,Polygender,17th Floor
541,Rosalia,Gristwood,rgristwoodf0@ucoz.com,Female,Apt 1662
542,Sharron,Van Dijk,svandijkf1@toplist.cz,Agender,Suite 7
543,Sherry,Ravenhill,sravenhillf2@delicious.com,Female,Apt 1909
544,Jordain,Turley,jturleyf3@hubpages.com,Female,Suite 45
545,Jeanna,De la Yglesias,jdelayglesiasf4@psu.edu,Female,12th Floor
546,Leontyne,Elgram,lelgramf5@vk.com,Female,Suite 16
547,Gaylor,Woollaston,gwoollastonf6@weather.com,Male,10th Floor
548,Roosevelt,Minear,rminearf7@state.gov,Polygender,Suite 23
549,Hobard,Beckford,hbeckfordf8@blinklist.com,Male,Suite 34
550,Rubie,Borborough,rborboroughf9@wp.com,Female,Room 740
551,Bay,Mollitt,bmollittfa@scribd.com,Agender,PO Box 541
552,Adele,Fenney,afenneyfb@twitpic.com,Female,Room 230
553,Will,Obal,wobalfc@about.com,Male,Room 1811
554,Gal,Babber,gbabberfd@theatlantic.com,Male,19th Floor
555,Carson,Wagstaffe,cwagstaffefe@tumblr.com,Male,16th Floor
556,Karilynn,Kemsley,kkemsleyff@redcross.org,Female,Apt 1257
557,Pearla,Gold,pgoldfg@trellian.com,Polygender,Room 1790
558,Zach,Swenson,zswensonfh@360.cn,Male,PO Box 26125
559,Erma,Crowther,ecrowtherfi@globo.com,Female,PO Box 40786
560,Danie,Mirams,dmiramsfj@xinhuanet.com,Male,PO Box 40830
561,Tyler,Marnes,tmarnesfk@a8.net,Polygender,16th Floor
562,Ignacius,Tewelson,itewelsonfl@google.co.jp,Agender,Room 1998
563,Henri,Durman,hdurmanfm@wisc.edu,Male,Room 1904
564,Brandi,Yablsley,byablsleyfn@nytimes.com,Polygender,14th Floor
565,Shalom,Colton,scoltonfo@desdev.cn,Agender,Apt 977
566,Kelley,Boothman,kboothmanfp@springer.com,Male,3rd Floor
567,Lock,Bench,lbenchfq@chron.com,Male,PO Box 87480
568,Ashil,Willshaw,awillshawfr@w3.org,Female,4th Floor
569,Barnie,Leythley,bleythleyfs@creativecommons.org,Male,Suite 69
570,Kiley,Strangwood,kstrangwoodft@walmart.com,Female,Apt 1200
571,Pepita,Anshell,panshellfu@symantec.com,Female,Apt 618
572,Abigale,Issacson,aissacsonfv@cnn.com,Female,Apt 966
573,Mommy,Karlsen,mkarlsenfw@utexas.edu,Female,1st Floor
574,Stanleigh,Pulhoster,spulhosterfx@tuttocitta.it,Male,Room 590
575,Hunt,Twigley,htwigleyfy@loc.gov,Genderqueer,Room 1090
576,Leigh,Brooks,lbrooksfz@mozilla.org,Female,Room 1934
577,Willie,Grimwade,wgrimwadeg0@wikimedia.org,Female,Apt 1340
578,Terry,Meiklam,tmeiklamg1@a8.net,Female,Apt 75
579,Morley,Carah,mcarahg2@wordpress.com,Male,Apt 1492
580,Fae,Menego,fmenegog3@samsung.com,Female,Room 1181
581,Garwin,Cesaric,gcesaricg4@craigslist.org,Male,PO Box 49808
582,Brade,Proffer,bprofferg5@wikia.com,Male,Apt 1807
583,Diane,Bignell,dbignellg6@ucsd.edu,Female,Suite 9
584,Corrianne,Inglish,cinglishg7@whitehouse.gov,Female,19th Floor
585,Tibold,Rawstorne,trawstorneg8@ifeng.com,Male,18th Floor
586,Fanechka,Fleg,fflegg9@netlog.com,Female,6th Floor
587,Barbaraanne,Orae,boraega@vinaora.com,Female,Room 1824
588,Bernete,Iskower,biskowergb@comcast.net,Female,Room 365
589,Booth,Petruszka,bpetruszkagc@flavors.me,Male,PO Box 37396
590,Dill,Poundford,dpoundfordgd@twitter.com,Male,Apt 1715
591,Oralle,Parram,oparramge@over-blog.com,Female,Room 1082
592,Clemmie,Linne,clinnegf@usa.gov,Agender,PO Box 65882
593,Grant,Dudden,gduddengg@lycos.com,Male,Suite 16
594,Hunfredo,Piddlesden,hpiddlesdengh@cnet.com,Male,PO Box 70812
595,Bobbi,Rhodes,brhodesgi@imageshack.us,Female,14th Floor
596,Alisander,Pinard,apinardgj@bigcartel.com,Male,19th Floor
597,Hanan,Demonge,hdemongegk@si.edu,Male,Suite 17
598,Olympia,Jowitt,ojowittgl@nih.gov,Female,Room 1176
599,Gusta,Jewel,gjewelgm@blog.com,Female,Suite 22
600,Suzanna,Serjeantson,sserjeantsongn@soup.io,Female,Apt 350
601,Kellen,Kensit,kkensitgo@patch.com,Agender,19th Floor
602,Deirdre,Tooting,dtootinggp@google.es,Female,Apt 863
603,Ollie,Gland,oglandgq@google.co.uk,Male,PO Box 15864
604,Laurice,Mayling,lmaylinggr@un.org,Female,Room 326
605,Jaime,Yakov,jyakovgs@elpais.com,Male,Apt 1449
606,Reynold,Scrivner,rscrivnergt@photobucket.com,Male,PO Box 94120
607,Turner,Pennetti,tpennettigu@amazon.de,Male,PO Box 97559
608,Sophey,Fibbens,sfibbensgv@tiny.cc,Female,Apt 1124
609,Rafe,Melmar,rmelmargw@army.mil,Male,PO Box 36449
610,Annabela,Kliement,akliementgx@wikimedia.org,Female,7th Floor
611,Wilma,Gautrey,wgautreygy@chron.com,Female,PO Box 5470
612,Gav,Olivier,goliviergz@columbia.edu,Male,Apt 83
613,Kev,Canario,kcanarioh0@squarespace.com,Male,Suite 93
614,Magnum,Skase,mskaseh1@who.int,Non-binary,Suite 29
615,Mortimer,Coling,mcolingh2@amazon.co.jp,Male,5th Floor
616,Natalee,MacAscaidh,nmacascaidhh3@blogspot.com,Female,PO Box 60264
617,Laurie,Snar,lsnarh4@shutterfly.com,Female,Room 189
618,Cristian,MacGahy,cmacgahyh5@istockphoto.com,Male,Apt 1167
619,Agnella,Songest,asongesth6@hud.gov,Female,Suite 4
620,Catina,Roycroft,croycrofth7@wikipedia.org,Female,8th Floor
621,Michaela,Simoneton,msimonetonh8@pagesperso-orange.fr,Female,Apt 1198
622,Konrad,Baugh,kbaughh9@accuweather.com,Genderqueer,Suite 14
623,Violet,Garrioch,vgarriochha@samsung.com,Female,17th Floor
624,Rodolphe,McAdam,rmcadamhb@howstuffworks.com,Non-binary,Apt 322
625,Orella,Dubbin,odubbinhc@ed.gov,Female,18th Floor
626,Lorraine,Endley,lendleyhd@google.fr,Female,Apt 1809
627,Cicily,Rogeron,crogeronhe@utexas.edu,Female,18th Floor
628,Iain,Angelini,iangelinihf@g.co,Genderqueer,PO Box 88982
629,Marieann,Nassey,mnasseyhg@businessweek.com,Female,Suite 44
630,Vassili,Lindsley,vlindsleyhh@nih.gov,Male,12th Floor
631,Arel,MacDunlevy,amacdunlevyhi@theglobeandmail.com,Male,Room 703
632,Alford,Zavattari,azavattarihj@eepurl.com,Male,Apt 1275
633,Cherie,Zeale,czealehk@sun.com,Genderfluid,Room 940
634,Khalil,Slayford,kslayfordhl@google.com.br,Male,PO Box 18234
635,Dodi,Minnette,dminnettehm@rambler.ru,Female,Suite 55
636,Zaneta,Adamsson,zadamssonhn@github.com,Bigender,11th Floor
637,Guthry,Wipper,gwipperho@rambler.ru,Male,Apt 1146
638,Erda,Nealy,enealyhp@360.cn,Female,Room 232
639,Aeriell,Iacovucci,aiacovuccihq@mapy.cz,Female,2nd Floor
640,Jacynth,Senescall,jsenescallhr@harvard.edu,Bigender,Suite 49
641,Joell,Greener,jgreenerhs@hhs.gov,Female,PO Box 93093
642,Sylvester,Dmisek,sdmisekht@npr.org,Male,14th Floor
643,Sherm,Pabelik,spabelikhu@microsoft.com,Male,Room 271
644,Dorine,Clarey,dclareyhv@hatena.ne.jp,Female,Room 945
645,Godwin,Sketh,gskethhw@icq.com,Polygender,Suite 48
646,Eal,Wilmott,ewilmotthx@intel.com,Male,Room 509
647,Aurie,Beneze,abenezehy@about.me,Female,Suite 74
648,Rodney,Bardey,rbardeyhz@mozilla.org,Male,Suite 26
649,Carlotta,Chapell,cchapelli0@bbb.org,Female,16th Floor
650,Katina,Nisard,knisardi1@arizona.edu,Female,PO Box 5385
651,Darn,Warburton,dwarburtoni2@china.com.cn,Male,Suite 3
652,Marget,Nacey,mnaceyi3@springer.com,Female,Room 84
653,Nero,Giraudoux,ngiraudouxi4@oracle.com,Male,11th Floor
654,Dallis,Barette,dbarettei5@w3.org,Male,Room 313
655,Stephanus,Ruperti,srupertii6@hc360.com,Male,Apt 1415
656,Yank,Furneaux,yfurneauxi7@nbcnews.com,Male,Suite 36
657,Jo-ann,Barcroft,jbarcrofti8@vkontakte.ru,Female,Apt 864
658,Ody,Dengel,odengeli9@example.com,Male,Apt 1725
659,Kittie,Riguard,kriguardia@lycos.com,Female,Apt 1980
660,Roda,Danniel,rdannielib@usa.gov,Female,Apt 54
661,Latrina,Chaff,lchaffic@paginegialle.it,Non-binary,Suite 67
662,Vevay,Mecco,vmeccoid@tumblr.com,Female,Apt 1859
663,Tobit,Shottin,tshottinie@hhs.gov,Genderqueer,Room 1796
664,Jerome,Beavon,jbeavonif@elegantthemes.com,Male,Room 1346
665,Simone,Dalzell,sdalzellig@ebay.co.uk,Female,Room 1571
666,Mercie,Mullis,mmullisih@elegantthemes.com,Female,19th Floor
667,Abdul,Whitear,awhitearii@pen.io,Male,Room 140
668,Wilmette,Iiannoni,wiiannoniij@telegraph.co.uk,Female,PO Box 86166
669,Benedicto,Dunne,bdunneik@time.com,Male,Suite 93
670,Claiborne,Minucci,cminucciil@sciencedaily.com,Genderqueer,Apt 1311
671,Devinne,Anthonies,danthoniesim@51.la,Female,Room 1919
672,Port,Struan,pstruanin@woothemes.com,Male,Apt 1029
673,Grazia,Dinan,gdinanio@so-net.ne.jp,Female,PO Box 96264
674,Dania,Kaser,dkaserip@wikipedia.org,Female,Apt 1032
675,Sylvia,Blankett,sblankettiq@pcworld.com,Female,Suite 64
676,Mikol,Mizen,mmizenir@cdbaby.com,Male,Apt 939
677,Milzie,Ebbage,mebbageis@dell.com,Agender,PO Box 57252
678,Brose,Binns,bbinnsit@lulu.com,Male,PO Box 80292
679,Aland,Cowsby,acowsbyiu@dell.com,Male,PO Box 43192
680,Collette,D'Abbot-Doyle,cdabbotdoyleiv@cnbc.com,Female,13th Floor
681,Blisse,Benazet,bbenazetiw@ibm.com,Female,Apt 384
682,Iris,Doogue,idoogueix@angelfire.com,Female,PO Box 56349
683,Peadar,Carnow,pcarnowiy@diigo.com,Male,Apt 1640
684,Kienan,Rockall,krockalliz@dion.ne.jp,Male,Suite 50
685,Cristina,Broschke,cbroschkej0@pcworld.com,Female,PO Box 9415
686,Jennine,Exell,jexellj1@uol.com.br,Female,15th Floor
687,Duffy,Mulvey,dmulveyj2@slashdot.org,Male,Apt 975
688,Chevy,Thormwell,cthormwellj3@example.com,Male,11th Floor
689,Ripley,O'Doghesty,rodoghestyj4@google.co.jp,Male,Suite 24
690,Katinka,Alesi,kalesij5@yahoo.com,Female,Room 1716
691,Chaddy,McGoon,cmcgoonj6@zdnet.com,Male,9th Floor
692,Francisca,Eastam,feastamj7@comcast.net,Female,Room 1479
693,Alistair,Cockshtt,acockshttj8@lulu.com,Male,Suite 33
694,Trace,Bucknell,tbucknellj9@bing.com,Male,Room 1519
695,Ulla,Wybron,uwybronja@blogspot.com,Female,Apt 721
696,Roslyn,Di Nisco,rdiniscojb@com.com,Female,3rd Floor
697,Jeddy,Goathrop,jgoathropjc@smh.com.au,Male,Room 843
698,Theo,Speller,tspellerjd@rediff.com,Female,Suite 10
699,Morgan,Norris,mnorrisje@hexun.com,Male,Room 1027
700,Dimitri,Baggaley,dbaggaleyjf@w3.org,Male,12th Floor
701,Ode,Bengal,obengaljg@msn.com,Male,Suite 47
702,Irena,Storrar,istorrarjh@prlog.org,Female,Suite 53
703,Deirdre,Olpin,dolpinji@soundcloud.com,Female,Room 815
704,Helaina,Pergens,hpergensjj@noaa.gov,Female,PO Box 72957
705,Debora,Happs,dhappsjk@feedburner.com,Female,PO Box 13965
706,Aharon,Titford,atitfordjl@elpais.com,Male,PO Box 78442
707,Derrek,Skeel,dskeeljm@purevolume.com,Male,Apt 1530
708,Janeczka,Ditt,jdittjn@tumblr.com,Female,Room 1972
709,Charmion,Kingaby,ckingabyjo@yahoo.co.jp,Female,Suite 40
710,Ambur,Tison,atisonjp@tinyurl.com,Female,PO Box 78989
711,Fredrick,Arnason,farnasonjq@infoseek.co.jp,Male,Room 902
712,Owen,Brill,obrilljr@state.gov,Male,Room 1550
713,Dion,Legerwood,dlegerwoodjs@youtube.com,Non-binary,Room 402
714,Dickie,Pirnie,dpirniejt@cisco.com,Male,PO Box 59035
715,Urbano,Descroix,udescroixju@lycos.com,Male,Suite 70
716,Hastings,Manshaw,hmanshawjv@barnesandnoble.com,Male,Apt 1226
717,Tobe,Hobbing,thobbingjw@epa.gov,Female,Suite 96
718,Amberly,Coulthard,acoulthardjx@squidoo.com,Female,Apt 1985
719,Abbott,Dwire,adwirejy@columbia.edu,Male,Apt 809
720,Kiele,Martill,kmartilljz@free.fr,Female,Apt 590
721,Sheeree,Kinforth,skinforthk0@gmpg.org,Female,1st Floor
722,Liliane,Rishbrook,lrishbrookk1@springer.com,Female,Apt 786
723,Cherice,Roll,crollk2@istockphoto.com,Female,Apt 1811
724,Rick,Hallowell,rhallowellk3@google.it,Male,Suite 41
725,Garrett,Dohmann,gdohmannk4@usgs.gov,Male,PO Box 25511
726,Katine,Klimke,kklimkek5@nydailynews.com,Female,Suite 28
727,Merna,Fasey,mfaseyk6@gizmodo.com,Bigender,12th Floor
728,Taber,Beningfield,tbeningfieldk7@altervista.org,Male,Suite 16
729,Orlan,Jeandot,ojeandotk8@wufoo.com,Male,PO Box 53752
730,Ike,Casale,icasalek9@bizjournals.com,Male,PO Box 44866
731,Tiphanie,Lowton,tlowtonka@shareasale.com,Female,11th Floor
732,Giustino,Shimmings,gshimmingskb@google.pl,Male,Apt 1837
733,Carline,Shaplin,cshaplinkc@java.com,Female,Apt 1898
734,Trevor,Pepin,tpepinkd@abc.net.au,Male,Room 689
735,Norry,Baudouin,nbaudouinke@salon.com,Male,Suite 5
736,Chicky,Sunman,csunmankf@wix.com,Female,Room 413
737,Gabrila,Maltman,gmaltmankg@msn.com,Female,Apt 1501
738,Verla,Freemantle,vfreemantlekh@example.com,Female,9th Floor
739,Saxon,Lineker,slinekerki@com.com,Male,Room 352
740,Osbourne,Pennoni,opennonikj@ycombinator.com,Bigender,Room 14
741,Evelyn,Cattermole,ecattermolekk@archive.org,Male,PO Box 28745
742,Cly,Galvin,cgalvinkl@shop-pro.jp,Male,Room 1590
743,Noll,Adlem,nadlemkm@cmu.edu,Male,Suite 34
744,Cedric,Haugen,chaugenkn@creativecommons.org,Male,Room 1842
745,Vivianne,Costard,vcostardko@illinois.edu,Female,Suite 95
746,Shaine,Rubke,srubkekp@house.gov,Male,Apt 871
747,Valene,Gonzalo,vgonzalokq@house.gov,Female,13th Floor
748,Findley,Gledstane,fgledstanekr@goo.ne.jp,Male,Suite 97
749,Mallissa,Gladding,mgladdingks@com.com,Female,PO Box 9619
750,Mil,Treece,mtreecekt@topsy.com,Female,Suite 34
751,Aurel,Cornborough,acornboroughku@fema.gov,Female,12th Floor
752,Raff,Ager,ragerkv@nbcnews.com,Male,Suite 27
753,Tirrell,Battson,tbattsonkw@cocolog-nifty.com,Male,12th Floor
754,Daisey,Frampton,dframptonkx@hhs.gov,Female,PO Box 36800
755,Michel,Tansly,mtanslyky@disqus.com,Polygender,10th Floor
756,Zackariah,Higgonet,zhiggonetkz@fastcompany.com,Male,14th Floor
757,Muire,Goodlake,mgoodlakel0@sun.com,Female,Suite 80
758,Giulietta,Robrose,grobrosel1@shutterfly.com,Female,16th Floor
759,Lawrence,Marunchak,lmarunchakl2@google.pl,Male,Suite 32
760,Solly,Twidale,stwidalel3@google.com,Male,Suite 8
761,Deirdre,Proudler,dproudlerl4@ovh.net,Female,6th Floor
762,Raviv,Scane,rscanel5@netlog.com,Male,Suite 48
763,Saundra,Beglin,sbeglinl6@liveinternet.ru,Female,PO Box 47616
764,Maddie,MacGeaney,mmacgeaneyl7@accuweather.com,Genderqueer,Apt 422
765,Pauli,Corradi,pcorradil8@yandex.ru,Female,PO Box 99209
766,Erick,Stamper,estamperl9@prnewswire.com,Male,8th Floor
767,Muriel,Durward,mdurwardla@ow.ly,Non-binary,6th Floor
768,Adelle,Sciacovelli,asciacovellilb@artisteer.com,Female,Suite 41
769,Perice,Beecker,pbeeckerlc@unicef.org,Male,Room 9
770,Cordelie,Romi,cromild@netlog.com,Female,Suite 83
771,Tonye,Officer,tofficerle@admin.ch,Female,PO Box 72744
772,Esme,Beddis,ebeddislf@yellowbook.com,Female,Room 1498
773,Eadmund,Haddington,ehaddingtonlg@howstuffworks.com,Male,PO Box 28776
774,Billy,Haime,bhaimelh@wufoo.com,Male,2nd Floor
775,Randal,Hudleston,rhudlestonli@army.mil,Male,Room 1198
776,Bobinette,Leaburn,bleaburnlj@jigsy.com,Female,Suite 71
777,Vivyan,Mazin,vmazinlk@abc.net.au,Female,13th Floor
778,Padraig,Kesten,pkestenll@illinois.edu,Male,Room 606
779,Davy,Westmancoat,dwestmancoatlm@smugmug.com,Male,Apt 1312
780,Sonnnie,Cruikshank,scruikshankln@ebay.com,Female,Suite 90
781,Neils,Webermann,nwebermannlo@pcworld.com,Male,Room 1831
782,Creight,Beefon,cbeefonlp@amazon.co.jp,Male,16th Floor
783,Taddeo,Cheatle,tcheatlelq@wordpress.com,Male,Room 611
784,Juliann,Letertre,jletertrelr@com.com,Female,Room 566
785,Tessie,Halahan,thalahanls@tripod.com,Female,Suite 70
786,Edy,Kunrad,ekunradlt@studiopress.com,Female,Suite 18
787,Roanna,Stood,rstoodlu@bluehost.com,Female,Room 1726
788,Hilary,Kiezler,hkiezlerlv@engadget.com,Male,PO Box 76113
789,Abelard,Mabb,amabblw@jalbum.net,Male,PO Box 18131
790,Gaye,Aberhart,gaberhartlx@slashdot.org,Female,Room 178
791,Elmira,Boggers,eboggersly@phpbb.com,Female,7th Floor
792,Evita,Luxen,eluxenlz@dedecms.com,Female,PO Box 32897
793,Natasha,Sherrott,nsherrottm0@amazon.co.uk,Female,PO Box 88180
794,Gino,Beumant,gbeumantm1@soundcloud.com,Male,14th Floor
795,Spencer,Calladine,scalladinem2@google.pl,Male,15th Floor
796,Heall,Kinder,hkinderm3@washington.edu,Male,Suite 6
797,Artemis,McMillan,amcmillanm4@columbia.edu,Male,Apt 307
798,Anny,Ballin,aballinm5@flavors.me,Female,PO Box 26013
799,Malina,Lyfe,mlyfem6@hao123.com,Female,Suite 47
800,Lilllie,MacCallister,lmaccallisterm7@bigcartel.com,Female,2nd Floor
801,Freeman,Legerwood,flegerwoodm8@mac.com,Male,Suite 58
802,Nahum,Sweetman,nsweetmanm9@hp.com,Male,13th Floor
803,Diana,Drivers,ddriversma@addthis.com,Agender,Suite 87
804,Filippa,Gave,fgavemb@unesco.org,Female,Room 1828
805,Bogey,Izaac,bizaacmc@joomla.org,Bigender,Suite 32
806,Adelle,Sieb,asiebmd@zimbio.com,Female,PO Box 92515
807,Royal,Sheldon,rsheldonme@drupal.org,Male,PO Box 23045
808,Court,Penelli,cpenellimf@cisco.com,Male,Apt 251
809,Thomasin,Jaquiss,tjaquissmg@google.ru,Bigender,Suite 87
810,Stormie,Buckingham,sbuckinghammh@forbes.com,Female,Room 1328
811,Kailey,Worsalls,kworsallsmi@china.com.cn,Female,Room 1523
812,Jo,Andreou,jandreoumj@ebay.co.uk,Male,Apt 1366
813,Kellen,Morit,kmoritmk@uol.com.br,Female,Room 1722
814,Garnet,Evason,gevasonml@tiny.cc,Female,Apt 903
815,Gizela,Huniwall,ghuniwallmm@census.gov,Female,Apt 223
816,Alaster,Peasey,apeaseymn@umn.edu,Male,Room 1995
817,Sinclair,Lippi,slippimo@gizmodo.com,Male,Suite 97
818,Perrine,Cestard,pcestardmp@ted.com,Female,6th Floor
819,Margo,Scholig,mscholigmq@cnbc.com,Female,Room 650
820,Hadlee,Fissenden,hfissendenmr@imdb.com,Male,PO Box 11634
821,Amalia,Curtis,acurtisms@epa.gov,Genderqueer,Room 1057
822,Emmott,Jillett,ejillettmt@sourceforge.net,Male,Room 300
823,Earl,Lowdwell,elowdwellmu@epa.gov,Male,Suite 96
824,Elbertine,Paulitschke,epaulitschkemv@elpais.com,Female,Room 1885
825,Corney,Giocannoni,cgiocannonimw@acquirethisname.com,Male,Room 1838
826,Sylvia,Trymme,strymmemx@independent.co.uk,Female,PO Box 20392
827,Lilah,Boyton,lboytonmy@qq.com,Bigender,Room 1155
828,Alexander,Pikesley,apikesleymz@dmoz.org,Male,Apt 1831
829,Hersch,Whitlow,hwhitlown0@patch.com,Male,Suite 58
830,Hazel,Fishbourne,hfishbournen1@google.co.jp,Female,11th Floor
831,Delphinia,Giacobelli,dgiacobellin2@yelp.com,Female,Suite 52
832,Jenna,MacKey,jmackeyn3@wordpress.com,Female,11th Floor
833,Mariele,McIlvaney,mmcilvaneyn4@java.com,Female,Suite 9
834,Jo,Tondeur,jtondeurn5@alibaba.com,Female,Apt 397
835,Yolanda,Camelin,ycamelinn6@altervista.org,Genderfluid,Room 1570
836,Idalina,Eadon,ieadonn7@cdc.gov,Female,14th Floor
837,Rycca,Reymers,rreymersn8@google.co.uk,Female,PO Box 7203
838,Cornelius,Ranvoise,cranvoisen9@theguardian.com,Male,Suite 26
839,Frieda,Searson,fsearsonna@wordpress.com,Female,Suite 17
840,Jillane,Tadlow,jtadlownb@huffingtonpost.com,Female,PO Box 20736
841,Way,Aldritt,waldrittnc@purevolume.com,Male,Room 1802
842,Hewie,Garrud,hgarrudnd@nyu.edu,Male,Apt 1223
843,Gauthier,Seaton,gseatonne@ifeng.com,Male,18th Floor
844,Valry,Fiddyment,vfiddymentnf@si.edu,Female,8th Floor
845,Arthur,Kolczynski,akolczynsking@opera.com,Male,Suite 12
846,Nerissa,Arnout,narnoutnh@disqus.com,Female,Suite 80
847,Mikey,Gath,mgathni@xing.com,Male,PO Box 16474
848,Susanetta,Kalaher,skalahernj@google.ru,Female,Room 599
849,Ann-marie,Tassaker,atassakernk@t.co,Female,3rd Floor
850,Preston,Sutherns,psuthernsnl@rediff.com,Male,Apt 1441
851,Rosmunda,Spadoni,rspadoninm@csmonitor.com,Female,6th Floor
852,Lucienne,Battson,lbattsonnn@amazon.co.jp,Female,Suite 83
853,Justen,Sheard,jsheardno@homestead.com,Male,Room 3
854,Ashley,Alabone,aalabonenp@virginia.edu,Female,Room 682
855,Trix,MacGillicuddy,tmacgillicuddynq@so-net.ne.jp,Female,Apt 53
856,Britt,Yude,byudenr@deliciousdays.com,Female,Suite 87
857,Arley,Dobkin,adobkinns@cargocollective.com,Male,Suite 58
858,Michael,Taggert,mtaggertnt@bing.com,Male,Suite 61
859,Hillary,Goode,hgoodenu@mayoclinic.com,Male,14th Floor
860,Swen,Cremins,screminsnv@livejournal.com,Male,8th Floor
861,Kiley,Cawdron,kcawdronnw@mashable.com,Agender,Apt 707
862,Francene,Albrooke,falbrookenx@hibu.com,Female,12th Floor
863,Petr,Skillington,pskillingtonny@storify.com,Male,PO Box 8102
864,Johnny,Tender,jtendernz@indiegogo.com,Male,Apt 1759
865,Ronica,Durrant,rdurranto0@uiuc.edu,Female,Room 240
866,Pennie,Feander,pfeandero1@archive.org,Female,PO Box 79504
867,Ashia,Hearse,ahearseo2@xing.com,Female,PO Box 71803
868,Jorge,Blakeston,jblakestono3@1688.com,Male,PO Box 58765
869,Deck,Bloomfield,dbloomfieldo4@youtu.be,Male,Apt 935
870,Lambert,Rayson,lraysono5@vkontakte.ru,Male,PO Box 54533
871,Mahmoud,Ohrt,mohrto6@ebay.co.uk,Male,8th Floor
872,Andrei,Hamp,ahampo7@wordpress.org,Female,PO Box 77930
873,Kareem,Bettles,kbettleso8@ask.com,Male,PO Box 65012
874,Vladimir,Sleeford,vsleefordo9@gnu.org,Male,Room 268
875,Josee,Abramovitch,jabramovitchoa@artisteer.com,Female,20th Floor
876,Peggy,Kunkler,pkunklerob@harvard.edu,Female,Apt 1793
877,Rob,Stranaghan,rstranaghanoc@europa.eu,Male,Apt 1031
878,Kathleen,Hacquel,khacquelod@live.com,Female,Suite 83
879,Silvain,Lazar,slazaroe@imageshack.us,Male,Suite 89
880,Broddy,Lillecrap,blillecrapof@issuu.com,Male,Suite 89
881,Janaye,Javes,jjavesog@cisco.com,Female,Room 815
882,Terri,Vallery,tvalleryoh@netscape.com,Male,PO Box 23456
883,Meriel,Adelberg,madelbergoi@hexun.com,Female,Apt 92
884,Austina,Tighe,atigheoj@epa.gov,Agender,Apt 1109
885,Claudelle,Gamett,cgamettok@clickbank.net,Female,3rd Floor
886,Jone,Bauckham,jbauckhamol@skype.com,Male,PO Box 12902
887,Barry,Gudgin,bgudginom@si.edu,Female,9th Floor
888,Monte,De La Coste,mdelacosteon@time.com,Male,Apt 530
889,Sasha,Heditch,sheditchoo@bloglovin.com,Male,Room 1966
890,Vonni,Raigatt,vraigattop@twitter.com,Female,PO Box 4098
891,Perla,Becconsall,pbecconsalloq@ucoz.ru,Female,11th Floor
892,Clywd,Younger,cyoungeror@guardian.co.uk,Male,Room 558
893,Neysa,Westcott,nwestcottos@msu.edu,Female,Apt 96
894,Jessie,Bromell,jbromellot@japanpost.jp,Male,Apt 801
895,Roseline,Shalliker,rshallikerou@admin.ch,Female,Apt 1499
896,Shannen,Kilius,skiliusov@51.la,Female,Apt 598
897,Hildagarde,Thurley,hthurleyow@dailymail.co.uk,Female,Apt 825
898,Ivie,Cullingworth,icullingworthox@telegraph.co.uk,Female,Apt 165
899,Nollie,Eliot,neliotoy@cnet.com,Female,10th Floor
900,Dolph,Ellse,dellseoz@ebay.com,Male,Suite 2
901,Tedda,Compfort,tcompfortp0@hubpages.com,Female,Apt 878
902,Nadya,Elves,nelvesp1@unc.edu,Genderfluid,PO Box 25568
903,Jolie,Jellico,jjellicop2@gravatar.com,Female,15th Floor
904,Nata,Dashwood,ndashwoodp3@slashdot.org,Female,PO Box 43240
905,Akim,Kington,akingtonp4@weebly.com,Bigender,Suite 32
906,Arleta,Pichan,apichanp5@google.com.au,Female,Room 1142
907,Laurence,Badini,lbadinip6@vk.com,Male,17th Floor
908,Celeste,McCrachen,cmccrachenp7@hhs.gov,Female,PO Box 35347
909,Sutherland,Wille,swillep8@ucoz.com,Male,PO Box 30208
910,Jerrilyn,Loveless,jlovelessp9@spiegel.de,Female,Apt 1707
911,Ladonna,Gummery,lgummerypa@cmu.edu,Female,20th Floor
912,Booth,Lemar,blemarpb@pbs.org,Male,5th Floor
913,Say,Bigby,sbigbypc@flavors.me,Male,Apt 1546
914,Frank,Lucio,fluciopd@pinterest.com,Male,10th Floor
915,Munmro,Selesnick,mselesnickpe@amazon.co.jp,Male,Suite 93
916,Dwight,Whetson,dwhetsonpf@booking.com,Male,Room 638
917,Carita,Altamirano,caltamiranopg@bravesites.com,Female,Suite 97
918,Caryl,Walstow,cwalstowph@1688.com,Male,PO Box 21132
919,Shepard,Ortiga,sortigapi@bizjournals.com,Male,PO Box 64102
920,Sella,Mackett,smackettpj@is.gd,Female,Suite 80
921,Cart,Pordall,cpordallpk@blogs.com,Non-binary,Room 59
922,Edwin,Persse,eperssepl@forbes.com,Male,9th Floor
923,Alameda,Burger,aburgerpm@ifeng.com,Female,Suite 35
924,Rora,Brymham,rbrymhampn@imageshack.us,Female,Apt 1026
925,Sharia,Ohrt,sohrtpo@networkadvertising.org,Polygender,Apt 1948
926,Kakalina,Tatnell,ktatnellpp@businessweek.com,Female,5th Floor
927,Luelle,Brotherhed,lbrotherhedpq@hubpages.com,Female,Room 346
928,Karita,McMillan,kmcmillanpr@statcounter.com,Female,Suite 80
929,Kayla,Skade,kskadeps@cdbaby.com,Female,PO Box 68386
930,Putnam,O'Bradden,pobraddenpt@google.co.uk,Male,18th Floor
931,Marjy,McCorley,mmccorleypu@feedburner.com,Female,PO Box 16425
932,Regan,Cadman,rcadmanpv@liveinternet.ru,Female,16th Floor
933,Jeremy,Preddle,jpreddlepw@globo.com,Male,Apt 1226
934,Jenny,Kybird,jkybirdpx@tinyurl.com,Female,Suite 94
935,Grantley,Gilston,ggilstonpy@scribd.com,Male,Room 1571
936,Stoddard,Eagles,seaglespz@tuttocitta.it,Female,Apt 785
937,Cary,Devil,cdevilq0@mayoclinic.com,Female,16th Floor
938,Coral,Coady,ccoadyq1@livejournal.com,Female,Apt 1237
939,Lyman,Banghe,lbangheq2@globo.com,Male,PO Box 74212
940,Fraser,Cruikshanks,fcruikshanksq3@yellowbook.com,Male,PO Box 70748
941,Chris,Petrovic,cpetrovicq4@businessweek.com,Female,Room 277
942,Kippy,St. Quintin,kstquintinq5@wordpress.org,Genderqueer,Room 220
943,Everard,Kurth,ekurthq6@aol.com,Male,Suite 91
944,Natka,Maisey,nmaiseyq7@va.gov,Female,Room 230
945,Muffin,Starbuck,mstarbuckq8@google.com.au,Male,PO Box 19638
946,Cyndy,Partlett,cpartlettq9@istockphoto.com,Female,Suite 33
947,Reilly,Shuttleworth,rshuttleworthqa@gizmodo.com,Male,PO Box 37473
948,Shell,Bedow,sbedowqb@xinhuanet.com,Male,Room 1426
949,Esme,De la croix,edelacroixqc@sourceforge.net,Male,Apt 1120
950,Sherwood,Hurcombe,shurcombeqd@salon.com,Male,Room 895
951,Eduardo,Hammond,ehammondqe@kickstarter.com,Male,Apt 116
952,Hedy,Greenwell,hgreenwellqf@un.org,Female,PO Box 9944
953,Perice,Thal,pthalqg@irs.gov,Male,Suite 80
954,Ichabod,Rummings,irummingsqh@wikia.com,Male,PO Box 11179
955,Georgena,Bromell,gbromellqi@latimes.com,Female,Apt 1034
956,Errick,Bartolomucci,ebartolomucciqj@miitbeian.gov.cn,Male,Room 58
957,Quill,Greenroa,qgreenroaqk@spiegel.de,Male,Apt 1518
958,Norton,Gahan,ngahanql@people.com.cn,Male,Suite 16
959,Bendicty,Verty,bvertyqm@nature.com,Male,Apt 137
960,Maren,Ferneyhough,mferneyhoughqn@surveymonkey.com,Female,6th Floor
961,Aeriela,Prevett,aprevettqo@fotki.com,Female,Suite 74
962,Georgia,Mcall,gmcallqp@geocities.jp,Female,Apt 1268
963,Carroll,Donkersley,cdonkersleyqq@ftc.gov,Non-binary,Room 1905
964,Fawnia,Finlan,ffinlanqr@army.mil,Female,Suite 94
965,Sianna,Emma,semmaqs@elpais.com,Polygender,PO Box 42675
966,Paolo,Brown,pbrownqt@reference.com,Male,13th Floor
967,Sollie,McDonough,smcdonoughqu@vkontakte.ru,Male,Suite 27
968,Karrah,Logsdale,klogsdaleqv@multiply.com,Female,Room 1432
969,Blakelee,Shanley,bshanleyqw@nydailynews.com,Female,Room 1664
970,Joey,Trimble,jtrimbleqx@biblegateway.com,Male,Room 802
971,Maxwell,Hovell,mhovellqy@diigo.com,Male,Apt 1783
972,Imelda,Finnie,ifinnieqz@jalbum.net,Female,Suite 33
973,Ware,Dandison,wdandisonr0@blogger.com,Male,20th Floor
974,Herc,Blant,hblantr1@cbsnews.com,Male,Apt 1392
975,Gabbey,Bonelle,gboneller2@chronoengine.com,Female,Room 1924
976,Jolee,Esland,jeslandr3@nsw.gov.au,Female,8th Floor
977,Eddie,Elphee,eelpheer4@networksolutions.com,Male,PO Box 30480
978,Aleta,Crathern,acrathernr5@harvard.edu,Female,Suite 32
979,Doralia,O'Hara,doharar6@huffingtonpost.com,Female,PO Box 92223
980,Oralia,Izakof,oizakofr7@cyberchimps.com,Female,Apt 378
981,Germain,Cissell,gcissellr8@about.me,Male,Room 1051
982,Giorgio,Lyster,glysterr9@sfgate.com,Male,16th Floor
983,Ailbert,von Hagt,avonhagtra@nydailynews.com,Male,Suite 69
984,Dion,Cullinane,dcullinanerb@google.com,Male,Suite 90
985,Alberto,Huxster,ahuxsterrc@reference.com,Male,Apt 1551
986,Gus,Plumptre,gplumptrerd@businesswire.com,Male,PO Box 11003
987,Ives,Alcoran,ialcoranre@google.cn,Male,Room 911
988,Bone,Greatham,bgreathamrf@youku.com,Male,Suite 50
989,Orsa,Tearny,otearnyrg@macromedia.com,Female,Apt 1431
990,Derrick,Gyenes,dgyenesrh@apple.com,Male,Apt 1315
991,Regine,Theurer,rtheurerri@de.vu,Female,Room 1755
992,Drucill,Kohrt,dkohrtrj@gmpg.org,Female,Apt 171
993,Warner,Bowle,wbowlerk@wired.com,Male,Suite 21
994,Brant,Heinsen,bheinsenrl@google.com.au,Male,19th Floor
995,Sonya,Dawkes,sdawkesrm@economist.com,Female,PO Box 78344
996,Elvyn,Dyte,edytern@ustream.tv,Male,5th Floor
997,Rabbi,Cawthra,rcawthraro@icq.com,Male,Apt 1149
998,Charil,Sunnex,csunnexrp@plala.or.jp,Female,Room 832
999,Alleyn,Cranch,acranchrq@deviantart.com,Male,3rd Floor
1000,Fletcher,Draxford,fdraxfordrr@ucoz.ru,Male,PO Box 74360
